<?xml version="1.0" encoding="utf-8"?>
<Environment xmlns:xsi="http://www.w3.org/2001/XMLSchema-instance" xmlns:xsd="http://www.w3.org/2001/XMLSchema">
  <walls>
    <Wall>
      <location>
        <x>205.5</x>
        <y>198</y>
      </location>
      <dynamic>false</dynamic>
      <visible>true</visible>
      <selected>false</selected>
      <line>
        <p1>
          <x>161</x>
          <y>204</y>
        </p1>
        <p2>
          <x>250</x>
          <y>192</y>
        </p2>
      </line>
      <colored>false</colored>
    </Wall>
    <Wall>
      <location>
        <x>245</x>
        <y>271</y>
      </location>
      <dynamic>false</dynamic>
      <visible>true</visible>
      <selected>false</selected>
      <line>
        <p1>
          <x>250</x>
          <y>192</y>
        </p1>
        <p2>
          <x>240</x>
          <y>350</y>
        </p2>
      </line>
      <colored>false</colored>
    </Wall>
    <Wall>
      <location>
        <x>178</x>
        <y>265.5</y>
      </location>
      <dynamic>false</dynamic>
      <visible>true</visible>
      <selected>false</selected>
      <line>
        <p1>
          <x>160</x>
          <y>243</y>
        </p1>
        <p2>
          <x>196</x>
          <y>288</y>
        </p2>
      </line>
      <colored>false</colored>
    </Wall>
    <Wall>
      <location>
        <x>294</x>
        <y>393</y>
      </location>
      <dynamic>false</dynamic>
      <visible>true</visible>
      <selected>false</selected>
      <line>
        <p1>
          <x>277</x>
          <y>411</y>
        </p1>
        <p2>
          <x>311</x>
          <y>375</y>
        </p2>
      </line>
      <colored>false</colored>
    </Wall>
    <Wall>
      <location>
        <x>420.5</x>
        <y>262</y>
      </location>
      <dynamic>false</dynamic>
      <visible>true</visible>
      <selected>false</selected>
      <line>
        <p1>
          <x>419</x>
          <y>411</y>
        </p1>
        <p2>
          <x>422</x>
          <y>113</y>
        </p2>
      </line>
      <colored>false</colored>
    </Wall>
    <Wall>
      <location>
        <x>158.5</x>
        <y>264</y>
      </location>
      <dynamic>false</dynamic>
      <visible>true</visible>
      <selected>false</selected>
      <line>
        <p1>
          <x>158</x>
          <y>115</y>
        </p1>
        <p2>
          <x>159</x>
          <y>413</y>
        </p2>
      </line>
      <colored>false</colored>
    </Wall>
    <Wall>
      <location>
        <x>303.5</x>
        <y>305</y>
      </location>
      <dynamic>false</dynamic>
      <visible>true</visible>
      <selected>false</selected>
      <line>
        <p1>
          <x>248</x>
          <y>264</y>
        </p1>
        <p2>
          <x>359</x>
          <y>346</y>
        </p2>
      </line>
      <colored>false</colored>
    </Wall>
    <Wall>
      <location>
        <x>367.5</x>
        <y>271.5</y>
      </location>
      <dynamic>false</dynamic>
      <visible>true</visible>
      <selected>false</selected>
      <line>
        <p1>
          <x>420</x>
          <y>307</y>
        </p1>
        <p2>
          <x>315</x>
          <y>236</y>
        </p2>
      </line>
      <colored>false</colored>
    </Wall>
    <Wall>
      <location>
        <x>281.5</x>
        <y>181</y>
      </location>
      <dynamic>false</dynamic>
      <visible>true</visible>
      <selected>false</selected>
      <line>
        <p1>
          <x>250</x>
          <y>192</y>
        </p1>
        <p2>
          <x>313</x>
          <y>170</y>
        </p2>
      </line>
      <colored>false</colored>
    </Wall>
    <Wall>
      <name />
      <location>
        <x>289.80179595947266</x>
        <y>113.65795135498047</y>
      </location>
      <dynamic>false</dynamic>
      <visible>true</visible>
      <selected>false</selected>
      <line>
        <p1>
          <x>157.64213562011719</x>
          <y>114.89694976806641</y>
        </p1>
        <p2>
          <x>421.96145629882812</x>
          <y>112.41895294189453</y>
        </p2>
      </line>
      <colored>false</colored>
    </Wall>
    <Wall>
      <name />
      <location>
        <x>288.56278991699219</x>
        <y>411.43016052246094</y>
      </location>
      <dynamic>false</dynamic>
      <visible>true</visible>
      <selected>false</selected>
      <line>
        <p1>
          <x>158.4681396484375</x>
          <y>412.25616455078125</y>
        </p1>
        <p2>
          <x>418.65744018554688</x>
          <y>410.60415649414062</y>
        </p2>
      </line>
      <colored>false</colored>
    </Wall>
  </walls>
  <name>hardmaze_env.xml</name>
  <maxDistance>398.2085</maxDistance>
  <start_point>
    <x>205</x>
    <y>387</y>
  </start_point>
  <goal_point>
    <x>190</x>
    <y>151</y>
  </goal_point>
  <group_orientation>0</group_orientation>
  <robot_spacing>30</robot_spacing>
  <robot_heading>0</robot_heading>
  <seed>0</seed>
  <view_x>8.962527</view_x>
  <view_y>17.429203</view_y>
  <view_scale>0.8259978</view_scale>
  <AOIRectangle>
    <Location>
      <X>160</X>
      <Y>114</Y>
    </Location>
    <Size>
      <Width>263</Width>
      <Height>299</Height>
    </Size>
    <X>160</X>
    <Y>114</Y>
    <Width>263</Width>
    <Height>299</Height>
  </AOIRectangle>
  <POIPosition>
    <Point>
      <X>297</X>
      <Y>337</Y>
    </Point>
    <Point>
      <X>376</X>
      <Y>388</Y>
    </Point>
    <Point>
      <X>379</X>
      <Y>318</Y>
    </Point>
    <Point>
      <X>279</X>
      <Y>248</Y>
    </Point>
    <Point>
      <X>328</X>
      <Y>200</Y>
    </Point>
    <Point>
      <X>343</X>
      <Y>140</Y>
    </Point>
    <Point>
      <X>260</X>
      <Y>148</Y>
    </Point>
  </POIPosition>
</Environment>